Workbook

Sheet Purchases
A1: B&W Scrap Yard – RAM Purchase Log
A2: Fill in the yellow-header columns (A–K, P). Gray-header columns (L–O) calculate automatically. Row 4 is an example – overwrite or delete it.
A3: Date | B3: Receipt # | C3: RAM Type | D3: Form Factor | E3: GB per Stick | F3: Speed (MHz) | G3: Brand | H3: Qty (Sticks) | I3: Weight (lbs) | J3: Total Paid ($) | K3: Payment Method | L3: Total GB | M3: Cost per Stick ($) | N3: Cost per lb ($) | O3: Cost per GB ($) | P3: Notes
A4: 46315 | B4: BW-1001 | C4: DDR4 | D4: DIMM (Desktop) | E4: 8 | F4: 2666 | G4: Samsung | H4: 25 | I4: 1.5 | J4: 60 | K4: Cash | L4: =IF(OR(E4="",H4=""),"",E4*H4) -> 200 | M4: =IF(OR(J4="",H4="",H4=0),"",J4/H4) -> 2.4 | N4: =IF(OR(J4="",I4="",I4=0),"",J4/I4) -> 40 | O4: =IF(OR(J4="",L4="",L4=0),"",J4/L4) -> 0.3 | P4: Example row
L5: =IF(OR(E5="",H5=""),"",E5*H5) | M5: =IF(OR(J5="",H5="",H5=0),"",J5/H5) | N5: =IF(OR(J5="",I5="",I5=0),"",J5/I5) | O5: =IF(OR(J5="",L5="",L5=0),"",J5/L5)
L6: =IF(OR(E6="",H6=""),"",E6*H6) | M6: =IF(OR(J6="",H6="",H6=0),"",J6/H6) | N6: =IF(OR(J6="",I6="",I6=0),"",J6/I6) | O6: =IF(OR(J6="",L6="",L6=0),"",J6/L6)
L7: =IF(OR(E7="",H7=""),"",E7*H7) | M7: =IF(OR(J7="",H7="",H7=0),"",J7/H7) | N7: =IF(OR(J7="",I7="",I7=0),"",J7/I7) | O7: =IF(OR(J7="",L7="",L7=0),"",J7/L7)
L8: =IF(OR(E8="",H8=""),"",E8*H8) | M8: =IF(OR(J8="",H8="",H8=0),"",J8/H8) | N8: =IF(OR(J8="",I8="",I8=0),"",J8/I8) | O8: =IF(OR(J8="",L8="",L8=0),"",J8/L8)
L9: =IF(OR(E9="",H9=""),"",E9*H9) | M9: =IF(OR(J9="",H9="",H9=0),"",J9/H9) | N9: =IF(OR(J9="",I9="",I9=0),"",J9/I9) | O9: =IF(OR(J9="",L9="",L9=0),"",J9/L9)
L10: =IF(OR(E10="",H10=""),"",E10*H10) | M10: =IF(OR(J10="",H10="",H10=0),"",J10/H10) | N10: =IF(OR(J10="",I10="",I10=0),"",J10/I10) | O10: =IF(OR(J10="",L10="",L10=0),"",J10/L10)
L11: =IF(OR(E11="",H11=""),"",E11*H11) | M11: =IF(OR(J11="",H11="",H11=0),"",J11/H11) | N11: =IF(OR(J11="",I11="",I11=0),"",J11/I11) | O11: =IF(OR(J11="",L11="",L11=0),"",J11/L11)
L12: =IF(OR(E12="",H12=""),"",E12*H12) | M12: =IF(OR(J12="",H12="",H12=0),"",J12/H12) | N12: =IF(OR(J12="",I12="",I12=0),"",J12/I12) | O12: =IF(OR(J12="",L12="",L12=0),"",J12/L12)
L13: =IF(OR(E13="",H13=""),"",E13*H13) | M13: =IF(OR(J13="",H13="",H13=0),"",J13/H13) | N13: =IF(OR(J13="",I13="",I13=0),"",J13/I13) | O13: =IF(OR(J13="",L13="",L13=0),"",J13/L13)
L14: =IF(OR(E14="",H14=""),"",E14*H14) | M14: =IF(OR(J14="",H14="",H14=0),"",J14/H14) | N14: =IF(OR(J14="",I14="",I14=0),"",J14/I14) | O14: =IF(OR(J14="",L14="",L14=0),"",J14/L14)
L15: =IF(OR(E15="",H15=""),"",E15*H15) | M15: =IF(OR(J15="",H15="",H15=0),"",J15/H15) | N15: =IF(OR(J15="",I15="",I15=0),"",J15/I15) | O15: =IF(OR(J15="",L15="",L15=0),"",J15/L15)
L16: =IF(OR(E16="",H16=""),"",E16*H16) | M16: =IF(OR(J16="",H16="",H16=0),"",J16/H16) | N16: =IF(OR(J16="",I16="",I16=0),"",J16/I16) | O16: =IF(OR(J16="",L16="",L16=0),"",J16/L16)
... L503: =IF(OR(E503="",H503=""),"",E503*H503) | M503: =IF(OR(J503="",H503="",H503=0),"",J503/H503) | N503: =IF(OR(J503="",I503="",I503=0),"",J503/I503) | O503: =IF(OR(J503="",L503="",L503=0),"",J503/L503)

Sheet Summary
A1: RAM Purchase Summary
A3: Total purchases | B3: =COUNT(Purchases!J4:J503) -> 1
A4: Total spent | B4: =SUM(Purchases!J4:J503) -> 60
A5: Total sticks | B5: =SUM(Purchases!H4:H503) -> 25
A6: Total weight (lbs) | B6: =SUM(Purchases!I4:I503) -> 1.5
A7: Total GB | B7: =SUM(Purchases!L4:L503) -> 200
A8: Avg cost per stick | B8: =IF(B5=0,0,B4/B5) -> 2.4
A9: Avg cost per lb | B9: =IF(B6=0,0,B4/B6) -> 40
A10: Avg cost per GB | B10: =IF(B7=0,0,B4/B7) -> 0.3
A13: By RAM Type
A14: Type | B14: Purchases | C14: Sticks | D14: GB | E14: Spent ($) | F14: Avg $/Stick
A15: DDR2 | B15: =COUNTIF(Purchases!C4:C503,A15) -> 0 | C15: =SUMIF(Purchases!C4:C503,A15,Purchases!H4:H503) -> 0 | D15: =SUMIF(Purchases!C4:C503,A15,Purchases!L4:L503) -> 0 | E15: =SUMIF(Purchases!C4:C503,A15,Purchases!J4:J503) -> 0 | F15: =IF(C15=0,0,E15/C15) -> 0
A16: DDR3 | B16: =COUNTIF(Purchases!C4:C503,A16) -> 0 | C16: =SUMIF(Purchases!C4:C503,A16,Purchases!H4:H503) -> 0 | D16: =SUMIF(Purchases!C4:C503,A16,Purchases!L4:L503) -> 0 | E16: =SUMIF(Purchases!C4:C503,A16,Purchases!J4:J503) -> 0 | F16: =IF(C16=0,0,E16/C16) -> 0
A17: DDR4 | B17: =COUNTIF(Purchases!C4:C503,A17) -> 1 | C17: =SUMIF(Purchases!C4:C503,A17,Purchases!H4:H503) -> 25 | D17: =SUMIF(Purchases!C4:C503,A17,Purchases!L4:L503) -> 200 | E17: =SUMIF(Purchases!C4:C503,A17,Purchases!J4:J503) -> 60 | F17: =IF(C17=0,0,E17/C17) -> 2.4
A18: DDR5 | B18: =COUNTIF(Purchases!C4:C503,A18) -> 0 | C18: =SUMIF(Purchases!C4:C503,A18,Purchases!H4:H503) -> 0 | D18: =SUMIF(Purchases!C4:C503,A18,Purchases!L4:L503) -> 0 | E18: =SUMIF(Purchases!C4:C503,A18,Purchases!J4:J503) -> 0 | F18: =IF(C18=0,0,E18/C18) -> 0
A19: Mixed | B19: =COUNTIF(Purchases!C4:C503,A19) -> 0 | C19: =SUMIF(Purchases!C4:C503,A19,Purchases!H4:H503) -> 0 | D19: =SUMIF(Purchases!C4:C503,A19,Purchases!L4:L503) -> 0 | E19: =SUMIF(Purchases!C4:C503,A19,Purchases!J4:J503) -> 0 | F19: =IF(C19=0,0,E19/C19) -> 0
A20: Other | B20: =COUNTIF(Purchases!C4:C503,A20) -> 0 | C20: =SUMIF(Purchases!C4:C503,A20,Purchases!H4:H503) -> 0 | D20: =SUMIF(Purchases!C4:C503,A20,Purchases!L4:L503) -> 0 | E20: =SUMIF(Purchases!C4:C503,A20,Purchases!J4:J503) -> 0 | F20: =IF(C20=0,0,E20/C20) -> 0
A23: By Month
A24: Year: | B24: 2026 | C24: ← change the year
A25: Month | B25: Purchases | C25: Sticks | D25: Spent ($)
A26: January | B26: =COUNTIFS(Purchases!A4:A503,">="&DATE($B$24,1,1),Purchases!A4:A503,"<"&DATE($B$24,1+1,1)) -> 0 | C26: =SUMIFS(Purchases!H4:H503,Purchases!A4:A503,">="&DATE($B$24,1,1),Purchases!A4:A503,"<"&DATE($B$24,1+1,1)) -> 0 | D26: =SUMIFS(Purchases!J4:J503,Purchases!A4:A503,">="&DATE($B$24,1,1),Purchases!A4:A503,"<"&DATE($B$24,1+1,1)) -> 0
A27: February | B27: =COUNTIFS(Purchases!A4:A503,">="&DATE($B$24,2,1),Purchases!A4:A503,"<"&DATE($B$24,2+1,1)) -> 0 | C27: =SUMIFS(Purchases!H4:H503,Purchases!A4:A503,">="&DATE($B$24,2,1),Purchases!A4:A503,"<"&DATE($B$24,2+1,1)) -> 0 | D27: =SUMIFS(Purchases!J4:J503,Purchases!A4:A503,">="&DATE($B$24,2,1),Purchases!A4:A503,"<"&DATE($B$24,2+1,1)) -> 0
A28: March | B28: =COUNTIFS(Purchases!A4:A503,">="&DATE($B$24,3,1),Purchases!A4:A503,"<"&DATE($B$24,3+1,1)) -> 0 | C28: =SUMIFS(Purchases!H4:H503,Purchases!A4:A503,">="&DATE($B$24,3,1),Purchases!A4:A503,"<"&DATE($B$24,3+1,1)) -> 0 | D28: =SUMIFS(Purchases!J4:J503,Purchases!A4:A503,">="&DATE($B$24,3,1),Purchases!A4:A503,"<"&DATE($B$24,3+1,1)) -> 0
A29: April | B29: =COUNTIFS(Purchases!A4:A503,">="&DATE($B$24,4,1),Purchases!A4:A503,"<"&DATE($B$24,4+1,1)) -> 0 | C29: =SUMIFS(Purchases!H4:H503,Purchases!A4:A503,">="&DATE($B$24,4,1),Purchases!A4:A503,"<"&DATE($B$24,4+1,1)) -> 0 | D29: =SUMIFS(Purchases!J4:J503,Purchases!A4:A503,">="&DATE($B$24,4,1),Purchases!A4:A503,"<"&DATE($B$24,4+1,1)) -> 0
A30: May | B30: =COUNTIFS(Purchases!A4:A503,">="&DATE($B$24,5,1),Purchases!A4:A503,"<"&DATE($B$24,5+1,1)) -> 0 | C30: =SUMIFS(Purchases!H4:H503,Purchases!A4:A503,">="&DATE($B$24,5,1),Purchases!A4:A503,"<"&DATE($B$24,5+1,1)) -> 0 | D30: =SUMIFS(Purchases!J4:J503,Purchases!A4:A503,">="&DATE($B$24,5,1),Purchases!A4:A503,"<"&DATE($B$24,5+1,1)) -> 0
A31: June | B31: =COUNTIFS(Purchases!A4:A503,">="&DATE($B$24,6,1),Purchases!A4:A503,"<"&DATE($B$24,6+1,1)) -> 0 | C31: =SUMIFS(Purchases!H4:H503,Purchases!A4:A503,">="&DATE($B$24,6,1),Purchases!A4:A503,"<"&DATE($B$24,6+1,1)) -> 0 | D31: =SUMIFS(Purchases!J4:J503,Purchases!A4:A503,">="&DATE($B$24,6,1),Purchases!A4:A503,"<"&DATE($B$24,6+1,1)) -> 0
A32: July | B32: =COUNTIFS(Purchases!A4:A503,">="&DATE($B$24,7,1),Purchases!A4:A503,"<"&DATE($B$24,7+1,1)) -> 0 | C32: =SUMIFS(Purchases!H4:H503,Purchases!A4:A503,">="&DATE($B$24,7,1),Purchases!A4:A503,"<"&DATE($B$24,7+1,1)) -> 0 | D32: =SUMIFS(Purchases!J4:J503,Purchases!A4:A503,">="&DATE($B$24,7,1),Purchases!A4:A503,"<"&DATE($B$24,7+1,1)) -> 0
A33: August | B33: =COUNTIFS(Purchases!A4:A503,">="&DATE($B$24,8,1),Purchases!A4:A503,"<"&DATE($B$24,8+1,1)) -> 0 | C33: =SUMIFS(Purchases!H4:H503,Purchases!A4:A503,">="&DATE($B$24,8,1),Purchases!A4:A503,"<"&DATE($B$24,8+1,1)) -> 0 | D33: =SUMIFS(Purchases!J4:J503,Purchases!A4:A503,">="&DATE($B$24,8,1),Purchases!A4:A503,"<"&DATE($B$24,8+1,1)) -> 0
A34: September | B34: =COUNTIFS(Purchases!A4:A503,">="&DATE($B$24,9,1),Purchases!A4:A503,"<"&DATE($B$24,9+1,1)) -> 0 | C34: =SUMIFS(Purchases!H4:H503,Purchases!A4:A503,">="&DATE($B$24,9,1),Purchases!A4:A503,"<"&DATE($B$24,9+1,1)) -> 0 | D34: =SUMIFS(Purchases!J4:J503,Purchases!A4:A503,">="&DATE($B$24,9,1),Purchases!A4:A503,"<"&DATE($B$24,9+1,1)) -> 0
A35: October | B35: =COUNTIFS(Purchases!A4:A503,">="&DATE($B$24,10,1),Purchases!A4:A503,"<"&DATE($B$24,10+1,1)) -> 1 | C35: =SUMIFS(Purchases!H4:H503,Purchases!A4:A503,">="&DATE($B$24,10,1),Purchases!A4:A503,"<"&DATE($B$24,10+1,1)) -> 25 | D35: =SUMIFS(Purchases!J4:J503,Purchases!A4:A503,">="&DATE($B$24,10,1),Purchases!A4:A503,"<"&DATE($B$24,10+1,1)) -> 60
A36: November | B36: =COUNTIFS(Purchases!A4:A503,">="&DATE($B$24,11,1),Purchases!A4:A503,"<"&DATE($B$24,11+1,1)) -> 0 | C36: =SUMIFS(Purchases!H4:H503,Purchases!A4:A503,">="&DATE($B$24,11,1),Purchases!A4:A503,"<"&DATE($B$24,11+1,1)) -> 0 | D36: =SUMIFS(Purchases!J4:J503,Purchases!A4:A503,">="&DATE($B$24,11,1),Purchases!A4:A503,"<"&DATE($B$24,11+1,1)) -> 0
A37: December | B37: =COUNTIFS(Purchases!A4:A503,">="&DATE($B$24,12,1),Purchases!A4:A503,"<"&DATE($B$24,12+1,1)) -> 0 | C37: =SUMIFS(Purchases!H4:H503,Purchases!A4:A503,">="&DATE($B$24,12,1),Purchases!A4:A503,"<"&DATE($B$24,12+1,1)) -> 0 | D37: =SUMIFS(Purchases!J4:J503,Purchases!A4:A503,">="&DATE($B$24,12,1),Purchases!A4:A503,"<"&DATE($B$24,12+1,1)) -> 0
A38: Total | B38: =SUM(B26:B37) -> 1 | C38: =SUM(C26:C37) -> 25 | D38: =SUM(D26:D37) -> 60
