Workbook

Sheet Items
A1: Garage Cleanout – Keep / Sell / Scrap
A2: Fill in the yellow-header columns. Gray columns calculate automatically. Check eBay SOLD listings for value.
A3: Date Added | B3: Item | C3: Brand / Maker | D3: Part / Model # | E3: Condition | F3: Decision | G3: Platform | H3: Est. Value ($) | I3: Weight (lbs) | J3: Scrap Category | K3: Status | L3: Sold / Scrap Price ($) | M3: Date Sold | N3: Net vs Est. ($) | O3: Notes
A4: 46316 | B4: Radiator core (fins rotted) – frame & brackets removed for clean grade | C4: Modine Mfg Co (Racine, WI) | D4: 1A-5573L11 | E4: Parts only | F4: Scrap | G4: B&W Scrap | J4: Copper/brass radiator (clean) | K4: To list | N4: =IF(L4="","",L4-H4) | O4: Possibly ex-John Deere; no match online for tag #. Check tanks for JD # (AA/AB/AF…) before cutting. Drain coolant, remove steel for clean grade.
A5: 46316 | B5: Brass radiator ID tag (pulled from Modine radiator above) | C5: Modine Mfg Co (Racine, WI) | D5: 1A-5573L11 | E5: Works | F5: eBay | G5: eBay | H5: 15 | K5: To list | N5: =IF(L5="","",L5-H5) | O5: List as 'Vintage Modine Mfg Co Racine Wis radiator tag'. Est $10–20; ships cheap in envelope.
A6: 46316 | B6: Green sheet-metal box (possible ballast/weight box or battery box) – floor rusted through at one end | C6: John Deere (paint color; not confirmed) | E6: Parts only | F6: Marketplace | G6: FB Marketplace | H6: 30 | J6: Light iron / shred (if unsold) | K6: To list | N6: =IF(L6="","",L6-H6) | O6: ID unconfirmed: check for JD part # stamped inside/under, mounting brackets. Sell as JD box for restoration or rustic planter, $20–40. Scrap value only ~$1–3 (light iron). If no bites in 2–3 weeks, scrap with other steel.
N7: =IF(L7="","",L7-H7)
N8: =IF(L8="","",L8-H8)
N9: =IF(L9="","",L9-H9)
N10: =IF(L10="","",L10-H10)
N11: =IF(L11="","",L11-H11)
N12: =IF(L12="","",L12-H12)
N13: =IF(L13="","",L13-H13)
N14: =IF(L14="","",L14-H14)
N15: =IF(L15="","",L15-H15)
N16: =IF(L16="","",L16-H16)
N17: =IF(L17="","",L17-H17)
N18: =IF(L18="","",L18-H18)
... N203: =IF(L203="","",L203-H203)

Sheet Summary
A1: Garage Cleanout Summary
A3: Decision | B3: # Items | C3: Est. Value ($) | D3: Actual ($)
A4: eBay | B4: =COUNTIF(Items!$F$4:$F$203,A4) | C4: =SUMIF(Items!$F$4:$F$203,A4,Items!$H$4:$H$203) | D4: =SUMIF(Items!$F$4:$F$203,A4,Items!$L$4:$L$203)
A5: Marketplace | B5: =COUNTIF(Items!$F$4:$F$203,A5) | C5: =SUMIF(Items!$F$4:$F$203,A5,Items!$H$4:$H$203) | D5: =SUMIF(Items!$F$4:$F$203,A5,Items!$L$4:$L$203)
A6: Scrap | B6: =COUNTIF(Items!$F$4:$F$203,A6) | C6: =SUMIF(Items!$F$4:$F$203,A6,Items!$H$4:$H$203) | D6: =SUMIF(Items!$F$4:$F$203,A6,Items!$L$4:$L$203)
A7: Keep | B7: =COUNTIF(Items!$F$4:$F$203,A7) | C7: =SUMIF(Items!$F$4:$F$203,A7,Items!$H$4:$H$203) | D7: =SUMIF(Items!$F$4:$F$203,A7,Items!$L$4:$L$203)
A8: Donate | B8: =COUNTIF(Items!$F$4:$F$203,A8) | C8: =SUMIF(Items!$F$4:$F$203,A8,Items!$H$4:$H$203) | D8: =SUMIF(Items!$F$4:$F$203,A8,Items!$L$4:$L$203)
A9: Trash | B9: =COUNTIF(Items!$F$4:$F$203,A9) | C9: =SUMIF(Items!$F$4:$F$203,A9,Items!$H$4:$H$203) | D9: =SUMIF(Items!$F$4:$F$203,A9,Items!$L$4:$L$203)
A10: Undecided | B10: =COUNTIF(Items!$F$4:$F$203,A10) | C10: =SUMIF(Items!$F$4:$F$203,A10,Items!$H$4:$H$203) | D10: =SUMIF(Items!$F$4:$F$203,A10,Items!$L$4:$L$203)
A11: Total | B11: =SUM(B4:B10) | C11: =SUM(C4:C10) | D11: =SUM(D4:D10)
A13: Still to list | B13: =COUNTIF(Items!$K$4:$K$203,"To list")
A14: Scrap weight (lbs) | B14: =SUMIF(Items!$F$4:$F$203,"Scrap",Items!$I$4:$I$203)
